Titre,Volume de recherche
Enregistrer un live TikTok : étape par étape pour débutants,855
Comment sauvegarder un live TikTok sans installation ni logiciel,600
Pourquoi utiliser TikCapture pour enregistrer vos lives TikTok,3k
Top outils gratuits pour sauvegarder vos sessions TikTok en 2026,3.5k
Les tendances 2026 : meilleure technologie pour télécharger des lives TikTok,609
Guide complet pour enregistrer un live TikTok depuis votre navigateur,603
Comparatif des meilleures solutions pour télécharger des lives TikTok,605
Les meilleures méthodes pour capturer les lives TikTok sans watermark,849
Capturez et archivez vos moments forts TikTok avec ces solutions simples,5k
Les avantages d’un enregistrement sans watermark et en haute qualité,741
Les meilleures astuces pour capturer des lives TikTok en haute qualité,2.5k
Top 10 outils gratuits pour enregistrer des vidéos TikTok sans watermark,600
Les solutions les plus fiables pour capturer des vidéos TikTok sans limite,733
TikCapture : pourquoi c’est l’outil ultime pour sauvegarder vos lives TikTok,766
Optimisez votre sauvegarde de TikTok avec ces astuces avancées,1.4k
Les nouveautés et mises à jour de TikCapture en 2026,904
Pourquoi choisir TikCapture pour enregistrer vos vidéos en haute résolution,1.1k
Sélectionnez le meilleur enregistreur TikTok gratuit pour votre smartphone,849
Les tendances en enregistrement de vidéos TikTok en 2026,600
Comment choisir la meilleure qualité d'enregistrement pour TikTok en 2026,726
Les fonctionnalités clés de TikCapture pour une capture vidéo sans compromis,600
Guide complet pour sauvegarder un live TikTok directement dans votre navigateur,942
Les meilleures astuces pour capturer des vidéos TikTok sans watermark,1.7k
Découvrez comment capturer facilement des streams TikTok sans logiciel,600
Les comparaisons entre TikCapture et autres logiciels d’enregistrement TikTok,957
Les avantages d’utiliser un enregistrement dans le navigateur pour TikTok Live,4.4k
Les fonctionnalités innovantes à attendre des outils d’enregistrement TikTok en 2026,3.8k
Les tendances 2026 pour la sauvegarde des vidéos TikTok en haute résolution,600
Top 5 raisons d’utiliser TikCapture pour sauvegarder vos sessions TikTok,624
Les étapes essentielles pour archiver un live TikTok gratuitement et légalement,778